Listado Exhaustivo de Expositores Expoagro 2026,,,
Empresa,Rubro(s),Ubicación,Web / Redes Sociales
AGROLINK,Medios de comunicación,Lote Aire Libre - M14,agrolink.com.ar / FB: Agrolink / X: agrolinkOk / IG: agrolinkok
AGROLOGY,Software agropecuario,Espacio AgTech - AG20,agrology.com / IG: agrologyagro
AGROMADERAS GARCIA,"Mangas, casillas de operar, bretes, cargadores, tranqueras",Lote Aire Libre - 1353,agromaderasgarcia.com.ar
AGROMETAL S.A.I.,"Sembradoras, máquinas agrícolas, accesorios de sembradoras",Lote Aire Libre - 840,agrometal.com / FB: agrometal / X: AgrolmetalArg / IG: agrometalarg
AGROPRO,"Software agropecuario, tecnología, agroindustria, servicios agropecuarios",Espacio AgTech - AG29,agropro.ag / FB: agropro.ag / X: agroproag / IG: agropro.ag
AGROSUD S.A.,"Agroindustria, comercio exterior, importaciones, consultoría",Carpa 1 - B08,agrosudsa.com.ar
"AGUACOLF, INGENIERIA EN AGUA",Fabricante,Carpa 2 - K08,aguacolf.com.ar / FB e IG: Aguacolf - Solucion en agua
AKRON,"Tolvas, extracción y embolsado, fertilización orgánica, drones",Lote Aire Libre - 710,akron.com.ar / FB: AKRON Maquinaria / X: akronmaquinaria / IG: akron_maquinaria
ALLARIA AGROFINANZAS S.A.,"Servicios agropecuarios, financiación, fideicomisos",Carpa 2 - P03,"allariaagro.com.ar / FB, X e IG: allariaagro"
ALBERTO J. SPINSANTI SAL,Plásticos para el agro,Lote Aire Libre - 224,IG: ajsagrotecnologia
ALBOR,Software agropecuario,Espacio AgTech - AG01,alboragro.com / FB: alborsoftware / X e IG: albor_agro
ALP GROUP S.A.,"Energías renovables, financiación",Carpa 2 - NO7,alpgroup.com.ar / IG: alpsolar
ALTINA,"Fabricante de maquinaria, implementos, ag. de precisión, fertilizadoras",Lote Aire Libre - 860,altina.com.ar / FB: altina arg / X e IG: altinaarg
AMARILLA GAS,"Secadoras de grano, calefacción, riego, servicios",Lote Aire Libre - 1165,amarillagas.com / FB: amarillagasoficial / IG: amarilla.gas
AMAZONE,"Máquinas agrícolas, agroindustria, ag. de precisión",Lote Aire Libre - 1058,capei.com.ar / FB: Capei Oficial / X: AmazoneArg / IG: CapeiSrl
AMERICAN VIAL / AGROCHERY,"Máquinas viales, herramientas, maquinaria",Lote Aire Libre - 1010,americanvial.com / FB e IG: americanvial
AMG VIAL,"Venta y alquiler de maquinaria (construcción, industria, minería, petróleo, agro)",Lote Aire Libre - E30,amgvial.com.ar / FB: amgvialsa / IG: amg_vial
AMS ADVANCED MACHINE SYSTEMS,"Máquinas, herramientas, eq. industrial, tecnología",Carpa 2 - 506,amsarg.com.ar / FB: Advanced Machine SystemsSA / X: ams_argentina / IG: ams.advance.machine.systems
ANDERSCH INGENIERIA - AGRO,"Instalaciones ganaderas, industria, eq. ganadero",Lote Aire Libre - 1349,anderschingenieria.com.ar / FB: Andersch Agro / IG: andersch_agro
ANDESAT ARGENTINA S.A.,"Telecomunicaciones, video vigilancia, renovables, infra. IT",Espacio AgTech - AG23,andesat.com.ar / IG: andesatargentina
APACHE S.A,"Sembradoras, máquinas y herramientas, fabricante",Lote Aire Libre - 650,apache.com.ar / FB: apachemaquinarias / X: apache_oficiall / IG: apache.sa
ARAG SRL,"Ag. precisión, hidráulico, agropartes, componentes pulverización",Lote Aire Libre - 1424,aragnet.com.ar / FB: Arag Argentina / IG: aragargentina
ARAN S.A.,"Agropartes, industria, agroindustria",Carpa 2 - M02,aransa.com.ar / FB: Aran SA / IG: aransa.ok
ARCELORMITTAL ACINDAR,Siderurgia,Lote Aire Libre - 1130,acindar.com.ar / IG: arcelormittalacindar
ARGENTRIGO - ASOC. ARG. TRIGO,"Asociaciones, entidades e instituciones",Entidad,argentrigo.ar / X: ArgenTrigo / IG: argentriga
ASAGIR,"Asociaciones, entidades e instituciones",Entidad,"asagir.org.ar / FB, X e IG: asagirok"
ASCANELLI S.A.,"Tolvas, sembradoras, mixers, embolsadora grano seco",Lote Aire Libre - N60,ascanellisa.com.ar / FB: ascanelli.sa / X: ascanelliok / IG: ascanellisa
ASOC. CRIADORES SENEPOL,"Asociaciones, ganadería, cabañas",Sector Ganadería,senepol.com.ar / FB: SENEPOL ARGENTINA / X: senepolarg / IG: senepolargentina
ASOC. CRIADORES HEREFORD,"Asociaciones, ganadería",Sector Ganadería,hereford.org.ar / FB: asociacion hereford / IG: herefordargentina
ASOC. CRIADORES LIMOUSIN,Ganadería,Sector Ganadería,limousin.org.ar / FB: limousin.argentina / X: Limousin ARG / IG: Limousin_argentina
ASOCIACIÓN ARG. CARRETERAS,"Asociaciones, educación, transporte de carga",Entidad,aacarreteras.org.ar / X e IG: aacarreteras
ASOCIACIÓN BRAFORD ARGENTINA,"Asociaciones, ganadería",Sector Ganadería,braford.org.ar / FB: Asociacion.Braford.Argentina / X: BrafordArg / IG: asociacionbrafordargentina
ASOCIACIÓN CONCIENCIA,"Asociaciones, entidades e instituciones",Centro Agropampero,"conciencia.org / FB, X e IG: asconciencia"
ASOC. CRIADORES BRAHMAN,"Asociaciones, ganadería",Sector Ganadería,brahman.org.ar / FB: Asoc. Criadores Brahman de Arg. / IG: brahmanargentina
ASOC. GANADO SANGA,"Asociaciones, ganadería",Sector Ganadería,ganadosanga.com.ar / FB: Asoc. de criadores de ganado sanga / X: sangaargentino / IG: asociacion_sanga
ASOC. COMERCIO E IND. VGG,"Asociaciones, entidades e instituciones",Carpa 1 - 104,acivgg.com.ar / FB e IG: ACI VGG
ACSOJA,"Asociaciones, entidades e instituciones",Entidad,"acsoja.org.ar / FB, X e IG: acsoja"
AURAVANT,"Ag. precisión, monitoreo, informática, software drones",Espacio AgTech - AG02,"auravant.com / FB, X e IG: auravant"
AUS AGRO,"Forrajes, construcción alambrados, máquinas agrícolas, nutrición animal",Lote Aire Libre - E36,"ausagro.com / FB, X e IG: ausagro"
AUTOLOGICA,Software agropecuario,Espacio AgTech - AG04,autologica.com / FB: Autologica / IG: autologicadms
AVIONES CIRRUS / CIELO S.A.,"Servicios, asesoría, transporte",Carpa 1 - D08,cirrusaircraft.com / IG: cirrusaircraftargentina
AXION ENERGY AGRO,Petroleras,Lote Aire Libre - P89,axionenergy.com.ar / FB: AXIONenerg / IG: AXION_energy_oficial
A. SAENZ & CIA.,Consignataria de remates ganaderos,Sector Ganadería,No especificada
BAGGIO RPB S.A,"Alimentos, bebidas",Lote Aire Libre - 1161,FB e IG: baggio.oficial.ar
BAIMA S.A.,"Máquinas agrícolas, tolvas, implementos",Lote Aire Libre - 1364,baima.com.ar / FB: Industrias BaimaSA / IG: baimasa
BALANZAS HOOK S.A.,"Balanzas, eq. ganadero, máquinas agrícolas",Lote Aire Libre - 831,"balanzashook.com.ar / FB, X e IG: balanzashook"
BALANZAS VESTA,"Balanzas, eq. ganadero, tolvas",Carpa 1 - B06,balanzasvesta.com / FB e IG: balanzasvesta
BANCO COMAFI,Bancos y servicios financieros,Lote Aire Libre - 460,comafi.com.ar / FB: Banco Comafi / IG: bancocomafi
BANCO CREDICOOP,Bancos y servicios financieros,Lote Aire Libre - 1470,bancocredicoop.coop / FB: banco credicoop / IG: banco.credicoop
BANCO DE LA PAMPA,Bancos y servicios financieros,Lote Aire Libre - 767,bancodelapampa.com.ar
BANCO PROVINCIA,Bancos y servicios financieros,Lote Aire Libre - 500,bancoprovincia.com.ar / FB: bancoprovincia / X e IG: banco_provincia
BANCO GALICIA,Bancos y servicios financieros,Lote Aire Libre - 620 / Ganadería - 1811,"galicia.ar / FB, X e IG: bancogalicia"
BANCO MACRO SA,Bancos y servicios financieros,Lote Aire Libre - 1000,macro.com.ar / FB e IG: bancomacro
BANCO NACIÓN,Bancos y servicios financieros,Lote Aire Libre - 660,bna.com.ar / FB: banconacion / X: BancoNacion / IG: banconacion
BARBUY TEAM S.A.,Maquinas y herramientas,Lote Aire Libre - 1423 A,btatools.com.ar / FB: BtaHerramientas / IG: bta_tools
BÁSCULAS MAGRIS SA,"Balanzas, máquinas herramientas, repuestos viales",Lote Aire Libre - 1429,basculasmagris.com.ar
BANCO PATAGONIA,Bancos y servicios financieros,Lote Aire Libre - 260,bancopatagonia.com.ar / FB: Banco Patagonia / X e IG: banco_patagonia
BANCO SANTANDER,"Bancos y servicios financieros, agroindustria",Lote Aire Libre - 560 / Ganadería - 1709,santander.com.ar/agro / FB: Santander Arg / X e IG: santander_ar
BATERIAS DETROIT SRL,"Baterías, casillas, renovables, generadores",Carpa 2 - T06,bateriasdetroit.com.ar / FB: Baterias DetroitArg / IG: bateriasdetroitargentina
BAYER S.A.,"Agroindustria, semillas, agroquímicos, soluciones",Plot - N45,cropscience.bayer.com.ar / FB e X: AgroBayerAR / IG: bayeragro
BBVA,"Bancos, seguros, financiación, tarjetas",Lote Aire Libre - 270,"bbva.com.ar / FB, X e IG: bbva_argentina"
BECKHAUSER,"Ganadería, trazabilidad, inst. ganaderas",Sector Ganadería - 1923,beckhauser.com.ar / FB: almacenveterinariosrl / IG: Beckhauser.ar
BERNARDIN,Maquinarias agrícolas,Sector Ganadería - 1918,No especificada
BDK DESIGN,"Eq. industrial, muebles, industria, oficinas móviles",Carpa 2 - R08,bdkdesign.com.ar / FB e IG: BDKDesign
BELLMAQ,Implementos agrícolas,Lote Aire Libre - P85,bellmaq.com.ar / FB: BellmaqAEVSRL / IG: bellmaqaev
BERTINI SA,Sembradoras,Lote Aire Libre - 750,bertini.com.ar / FB: Bertini Sembradoras / IG: Bertini.oficial
BGA ENERGIA SUSTENTABLE,"Renovables, asesoramiento y consultoría",Carpa 2 - T01,bgaenergia.com.ar / FB: Biogas Argentina / IG: bgaenergia
BIDCOM AGRO,"Drones, máquinas agrícolas, máquinas viales",Lote Aire Libre - 1140,bidcomagro.com.ar / FB: bidcom / IG: bidcomagro
BIOGENESIS BAGÓ,"Lab. veterinario, biotecnología",Sector Ganadería - 1818,biogenesisbago.com / FB e IG: BiogenesisBago / X: BIOGENESIS BAGO AR
BORSALINO EVENTOS,Gastronomía,Gastronomía,borsalino-eventos.com.ar / FB e IG: borsalino_eventos
BOTALUM S.R.L.,Accesorios de pulverizadoras,Carpa 2 - T14,botalum.com / FB e IG: botalumsrl
BOUNOUS HNOS,"Motores y grupos electrógenos, generadores",Lote Aire Libre - 1700,bounous.com.ar / FB e IG: bounoushnos
BOX HOUSE,"Casillas, módulos, oficinas móviles, construcción",Lote Aire Libre - 321,boxhouse.com.ar / FB e IG: boxhousesrl
BRANGUS,"Asociaciones, ganadería",Sector Ganadería,brangus.org.ar / FB: Asoc. Arg. de Brangus / IG: brangusargentina
BRICHER S.A.,"Tanques, tanques de reserva",Lote Aire Libre - 1622,bricheragro.com.ar / FB: BricherSA / IG: bricher.s.a
BUCO,Repuestos y accesorios sembradoras y agrícolas,Carpa 2 - T-13,"buco.com.ar / FB, X e IG: buco_argentina"
BUNGE ARGENTINA SA,"Agroindustria, fertilizantes, alimentos",Lote Aire Libre - P44,bunge.ar / FB e IG: agro.expertos.Bunge
CADENA 3 ARGENTINA,Medios de comunicación,Lote Aire Libre - M02,"cadena3.com / FB, X e IG: cadena3com"
CADSYST,"Tecnología, servicios, educación, asesoramiento",Espacio AgTech - AG24,cadsyst.com.mx / FB e IG: cadsyst
CAFE MAGIN,"Eq. industrial, herramientas, electrodomésticos",Carpa 2 - 512,cafemagin.com / FB e IG: cafemagin
CAIMAN,"Pulverizadoras, fertilizadoras",Lote Aire Libre - 610,caiman.com.ar / FB: caiman.pulverizadores / X: caimansrl / IG: caiman.pulverizadoras
CAMAN S.R.L.,"Máquinas agrícolas, rolos, agropartes, implementos",Lote Aire Libre - 1036 B,FB: CAMAN / IG: caman.agrosoluciones
CAFMA,"Asociaciones, entidades e instituciones",Centro Agropampero,cafma.org.ar / IG: cafma.arg
CÁMARA COMERCIO S. LORENZO,"Asociaciones, entidades e instituciones",Carpa 2 - L12,camara-sl.org.ar / FB e IG: camarasanlorenzo
CÁMARA CONTRATISTAS FORR.,"Contratistas rurales, forrajes",Sector Ganadería - 1802,ensiladores.com.ar / FB e IG: ensiladores
CAMPOS Y GANADOS S.A.,"Ganadería, subastas, gestión inmobiliaria",Sector Ganadería,camposyganados.com / IG: camposyganados
CAN-AM-CF MOTO,"Motos, automotrices",Lote Aire Libre - P70,cfmoto.com.ar / IG: cfmotoarg
CARLINI HNOS,"Embolsadora, eq. industrial, fabricante, cintas",Carpa 1 - B11,"carlinihnos.com.ar / FB, X e IG: Carlinihnos"
CARRETELES RAFAELA S.A.,"Agroindustria, cosechadoras, eq. ganadero, fabricante",Sector Ganadería - 1824,"carretelesrafaela.com.ar / FB, X e IG: Carreteles Rafaela"
CASE IH,"Máquinas agrícolas, tractores, cosechadoras",Lote Aire Libre - NO5,"caseih.com.ar / FB, X e IG: caseiharg"
CASILLAS EL IMAN S.A.,Casillas rurales,Lote Aire Libre - 1061,"casillaseliman.com.ar / FB, X e IG: casillaseliman"
CASILLAS RURALES ALFA,"Casillas rurales, agroindustria, pulverizadoras",Lote Aire Libre - 320,casillasalfa.com.ar / IG: casillasruralesalfa
CASILLAS RURALES RO-CA,"Casillas rurales, módulos habitacionales",Lote Aire Libre - 1360,casillasroca.com.ar / FB e IG: casillasruralesroca
CASTELLI-LUCCI,"Agropartes, repuestos agrícolas, agroindustria",Carpa 1 - F07,castelli-lucci.com.ar / FB e IG: castelli.lucci
CATALANO,"Repuestos y acc. sembradoras, agropartes",Carpa 1 - C06,"catalano.com.ar / FB, X e IG: catalanoargentina"
CDV,"Laboratorio veterinario, biotecnología, ganadería",Sector Ganadería - 1937,"cdv.com.ar / FB, X e IG: LabCDV"
CEDAR S.A.,"Secadoras de grano, máquinas limpieza, cintas",Lote Aire Libre - 1503,cedar.com.ar / IG: cedar.arg
CEA S.A.,"Sistemas electrónicos, motores, grupos",Lote Aire Libre - 1421B,ceasa.com.ar
CESTARI,"Acoplados tolvas, fabricante de maquinaria",Lote Aire Libre - 300,"imcestari.com / FB, X e IG: cestaritolvas"
CETA CAPITAL HUMANO,"Consultoría, logística, servicios, personal eventual","Mitre 1702, CABA",cetacapitalhumano.com.ar / FB e IG: cetacapitalhumano
CHALERO,"Implementos agrícolas, fabricante, fertilizadoras",Lote Aire Libre - 1066,chalero.com / FB e IG: chalerooficial
CHARRUA IMPLEMENTOS SAS,Accesorios de sembradoras,Lote Aire Libre - 1260,charruaimplementosagricolas.com.ar / FB e IG: charruaimplementosagricolas
CHERY,Automotrices,Lote Aire Libre - 1110,No especificada
CHIPERIA GOURMET SAPORE,Gastronomía,Gastronomía,FB: saporesquisita / IG: saporesquisito
CIMC WETRANS,"Transporte de carga, servicios, comercio exterior",Lote Aire Libre - E17,cimcwetrans.com.ar / FB e IG: cimcwetransargentina / X: cimcwetrans
CINZIA,Motorhome,Lote Aire Libre - 1441,No especificada
CIRIGLIANO S.A,"Ventiladores axiales, máquinas agrícolas, transporte",Lote Aire Libre - 304,cirigliano.com.ar / FB e IG: cirigliano.sa
CLAAS ARGENTINA SAU,Fabricante de maquinaria agrícola,Lote Aire Libre - 170,claas.com.ar / FB: CLAAS.Argentina / X: CLAAS_Argentina / IG: claas_argentina
CLARIN,Medios de comunicación,Lote Aire Libre - M18,"clarin.com.ar / FB, X e IG: clarincom"
COIMMA,Instalaciones ganaderas,Sector Ganadería - 1930,elcondorir.com / IG: elcondorinfraestructurarural
COLEGIO DE VETERINARIOS,"Asociaciones, ganadería, institución",Sector Ganadería - 1928,cvpba.org / FB e IG: cvpba
COLOMBO Y MAGLIANO,Agroindustria,Sector Ganadería,colomboymagliano.com.ar / IG: colomboymagliano
CRA,"Asociaciones, entidades e instituciones",Centro Agropampero,cra.org.ar / FB e X: CRAprensa / IG: confederacionesrurales
CONINAGRO,"Asociaciones, entidades, agroindustria",Centro Agropampero,coninagro.org.ar / FB: CONINAGRO / X e IG: coninagro_coop
CONSEJO FED. INVERSIONES,"Asociaciones, entidades e instituciones",Lote Aire Libre - 1427,cfi.org.ar / FB: Consejo Federal de Inversiones / IG: cfiargentina
CONTINENTAL S.A.,Medios de comunicación,Lote Aire Libre - 1063,continental.com.ar / FB: RADIO CONTINENTAL / X e IG: continental590
CORTADORAS ARGENTINAS SA,"Fabricante, máquinas y herramientas",Carpa 1 - E10,cortadorasargentinas.com.ar / FB: DG Argencort / X e IG: dgargencort
CORVEN NEUMÁTICOS,"Neumáticos, automotrices",Lote Aire Libre - 1320,dunlopneumaticos.com / FB e IG: neumaticosdunlop
CORVEN MOTORS,Automotrices,Lote Aire Libre - 1110,No especificada
COVERBAG,"Películas plásticas, silobolsa, geomembranas",Lote Aire Libre - 1362,"siloscoverbag.com / FB, X e IG: siloscoverbag"
CPS WORLDWIDE,"Plásticos, forrajes, henificación, fabricante",Carpa 1 - G05,cpsagro.com / FB: CPS Worldwide / IG: cpslatinoamericayespana
CREA,"Asociaciones, entidades e instituciones",Centro Agropampero,"crea.org.ar / FB, X e IG: crea_arg"
CRICO-CATERING,"Gastronomía, servicios, alimentos",Gastronomía,cricodelicias.com / FB: Crico Sándwiches / IG: cricosandwichesydelicias
CRIOLANI BAUER,"Sistemas de riego, maquinaria agrícola/vial",Lote Aire Libre - 930,criolani.com.ar / FB: Criolani BAUER / IG: criolani.bauer
CRUCIANELLI S.A.,Fabricante de maquinaria agrícola,Lote Aire Libre - 520,crucianelli.com / FB: crucianellioficial / X e IG: crucianelliok
CUTHILL,"Ag-Tech, componentes pulverización, software gestión",Espacio AgTech - AG21,cuthill.com.ar / IG: cuthillagro
D&E AGTECH,"Agricultura de precisión, drones",Lote Aire Libre - 1248,dyesa.com / FB: D&E Agtech / IG: dyeagtech
DANES S.R.L,"Tanques, petroleras, transporte",Lote Aire Libre - 360,danes.com.ar / FB e IG: danesarg
DATAMARS LIVESTOCK,"Eq. ganadero, balanzas, instalaciones",Sector Ganadería - 1820,datamars.com.ar / FB: Datamars.Latinoamerica / X: TruTestARG / IG: datamars.latam
DE GRANDE SA,Fabricante de maquinaria agrícola,Lote Aire Libre - 950,degrandesa.com.ar / FB: maicerosdegrande / IG: degrande.s.a
DEEPAGRO,"Ag-Tech, ag. precisión, acc. pulverizadoras",Espacio AgTech - AG19,"deepagro.com / FB, X e IG: deepagroco"
DELEITES DEL LITORAL,Gastronomía,Sector Ganadería - 1826,FB e IG: Deleites del Litoral
DELTA PLUS ARGENTINA,"Fabricante, eq. higiene",Carpa 1 - J09,deltaplus.com.ar / FB e IG: deltaplus_argentina
DELVER SA,"Termometría, ag. precisión, tecnología, electrónica",Carpa 2 - K12,delver.com.ar / FB e IG: delveragro
DEUTZ FAHR ARGENTINA,"Maquinaria, repuestos tractores",Lote Aire Libre - 1456,berger.deutz-fahr-dealer.com / IG: deutz_fahr_argentina_oficial
DHM INDUSTRIA S.A.,"Máquinas agrícolas, viales, herramientas",Lote Aire Libre - 1269,"michiganweb.com.ar / FB, X e IG: michiganargentina_"
DIARIO EL NORTE,Comunicaciones,Lote Aire Libre - M16,"diarioelnorte.com.ar / FB, X e IG: diarioelnorte.sn"
DIGIRODEO,"Tecnología, eq. ganadero, ganadería",Sector Ganadería - 1926,"digirodeo.com / FB, X e IG: digirodeo"
DISTRIBAL BALANZAS,"Balanzas, eq. e inst. ganaderas",Sector Ganadería - 1932,distribal.com.ar / FB: distribal / IG: distribalagro
DISTRIBUIDORA ITALIA SRL,"Agropartes, repuestos sembradoras",Lote Aire Libre - E15,distribuidoraitalia.com.ar / IG: distribuidoraitaliasrl
DISTRIBUIDORA OAA,"Alimentos, viandas empresariales",Gastronomía,distribuidoraoaa.com.ar / FB: OSCAR ALFREDO AEGINIO / IG: distribuidoraoaa
DISTRIMAQ-TATU MARCHESAN,Implementos agrícolas y forestales,Lote Aire Libre - P91,FB: Distrimaq Máquinas Agrícolas / IG: distrimaq
DOMHOUSE ARGENTINA,"Seguridad, servicios, tecnología, eq. ganadero",Carpa 2 - N12,domhouse.com.ar / FB: DomHouseArg / IG: domhouse_argentina
DOLBI S.A.,"Implementos, sembradoras, cosechadoras",Lote Aire Libre - 621,dolbi.com.ar / FB e IG: dolbi.argentina
DON YEYO,Alimentos,Sector Ganadería - 1830,donyeyo.com.ar / FB e IG: donyeyoweb
DONGFENG ARGENTINA,"Camiones, automotrices, transporte, vehículos",Lote Aire Libre - E43,dongfeng.ar / FB: Dongfeng Arg / X e IG: dongfeng_arg
DONMARIO SEMILLAS,Semillas,Plot - 240,"donmario.com / FB, X e IG: donmariosemillas"
DROP-CENTER,"Sistemas y equipos de riego, tubos",Lote Aire Libre - 1462,drop-center.com / IG: Drop-Center S.A.
DUNTONMAQ,"Cortadoras de césped, desmalezadoras, acoplados",Lote Aire Libre - 1454,duntonmaq.com / IG: duntonmaq
DVL,"Ag-Tech, monitoreo satelital, ingeniería",Espacio AgTech - AG08,dvl.com.ar / FB: dvl.oficial.arg / IG: dvl.oficial
EASYAGRO,"Agricultura de precisión, software drones",Lote Aire Libre - 622,"easyagro.com.ar / FB, X e IG: easyagroap"
EASYDOCKING,Software de gestión,Espacio AgTech - AG32,easydockinglatam.com / FB: Easy Docking / IG: easydocking
ECOLINE BY KRAH,Tubos y accesorios para riego,Lote Aire Libre - 1067,ecolinebykrah.com / FB e IG: ecolinebykrah
ECOMANAGEMENT SAS,"Fabricante, asesoría, estercoleras, repuestos",Lote Aire Libre - 1348,ecomgmt.com.ar / FB: EcoManagementOk / IG: ecomanagement_ok
ECONOVO AGROVIAL,"Herramientas, tractores, venta viales",Lote Aire Libre - 832,econovoagrovial.com.ar / FB e IG: econovoagrovial
ECOSOL,Energía eléctrica,Lote Aire Libre - 1551,No especificada
EDECAN SILOS,"Silos, elevadores, eq. ganadero, implementos",Lote Aire Libre - 1001,silosedecan.com.ar / FB e IG: silosedecan
EDP AGRO & PRIMIA,"Nutrición animal, ganadería, soluciones",Sector Ganadería - 1941,primianutricion.com.ar / FB e IG: primianutricion
EGAR SRL,Fabricante,Carpa 2 - L06,egarsrl.com / FB e IG: egarsrl
EL AMARILLO SRL,"Sembradoras, implementos agrícolas",Lote Aire Libre - 1361,dumaire.com.ar / FB e IG: dumaire.sembradoras
EL FIERRO SRL,Acoplados tolvas,Lote Aire Libre - 1366,FB e IG: acoplados el fierro
EL GRILLO,"Tolvas, remolques, implementos",Lote Aire Libre - 1552,acopladoselgrillo.com / FB e IG: acopladoselgrillo
EL TERO,Talabartería,Sector Ganadería - 1828,eltero.com.ar / IG: eltero.ar
EL TORITO,"Hidráulico, fabricante, acc. sembradoras",Lote Aire Libre - 227,eltorito.com.ar / FB: Oleohidraulica-El-Torito / IG: eltoritosistemashidraulicos
ENERGY MERCOSUR S.A.,Energías renovables,Lote Aire Libre - N20,energymercosur.com / FB e IG: Energy Mercosur
ENERTIK,"Renovables, solar, bombas, baterías",Lote Aire Libre - 14210,enertik.com/ar / FB e IG: enertik.argentina / X: enertik_ar
ESSEN,"Gastronomía, consultoría",Carpa 2 - T15,unamamacroata.com.ar / FB e IG: una Mamá Croata
EURO TORQUE - FPT,"Motores, grupos electrógenos, servicios",Sector Ganadería - 1914,eurotorque.com.ar / FB e IG: euro torque
EVER WEAR SA,"Fabricante, agropartes, importaciones",Carpa 2 - RO2,everwear.com.ar / FB: ever wear sa / IG: everwear.arg
FACMA,"Contratistas rurales, asociaciones",Centro Agropampero,facma.com.ar / FB e IG: AgroContratistas / X: AC_FACMA
FARMQUIP ARGENTINA,"Eq. ganadero, instalaciones, herramientas",Lote Aire Libre - 1351,"farmquip.com.ar / FB, X e IG: farmquipoficial"
FEBRA IMPLEMENTOS,Fabricante de maquinaria agrícola,Lote Aire Libre - 1036 B,FB e IG: febraimplementosagro
FEDERACION AGRARIA ARG.,"Asociaciones, semillas",Centro Agropampero,faa.com.ar / FB: federacion agraria arg / X e IG: federacion_agraria
MINISTRY AGRIC. GERMANY,"Asociaciones, entidades e instituciones",Lote Aire Libre - 467,bmleh.de
FEED-PLAST,"Comederos, industria plástica",Sector Ganadería - 1929,feedplast.com.ar / FB: feedplastarg / IG: feedplast
FENDT,"Fabricante, tractores, cosechadoras",Lote Aire Libre - 910,fendt.com/ar / FB: Fendt.Hispano / IG: fendt.hispano
FERCAM,"Sembradoras, fertilizadoras, fabricante",Lote Aire Libre - 1220,fercam.com.ar / FB e IG: fercam.sembradoras
FERTILIZADORAS SR,"Fertilizadoras, acc. sembradoras",Lote Aire Libre - 410,metalurgica-sr.com.ar / FB e IG: srfertilizadoras
FILTROS LANSS,"Filtros motores, maquinaria, camiones",Carpa 1 - A10,lanss.com.ar
FINNING ARGENTINA,"Maquinas y herramientas, servicios",Lote Aire Libre - 731,finning.com / FB: finningsudamerica / IG: finningcaterpillar
FONTANA MAQUINAS,"Máquinas agrícolas, implementos, rastras",Lote Aire Libre - 268,fontanasrl.com.ar / FB e IG: fontana_maquinas_agricolas
FORD ARGENTINA S.C.A.,Automotrices,Lote Aire Libre - 600,ford.com.ar / FB e IG: fordargentina
FORWARD FIELDS SRL,"Henificación, desmalezadoras, rastras",Lote Aire Libre - 1262,forwardfields.com.ar / IG: forward.fields
FOTON ARGENTINA,Automotrices,Acceso Oeste 10951,foton.com.ar / FB e IG: foton.argentina
FRAGA SRL,Fabricante de maquinaria agrícola,Lote Aire Libre - E26,fragamaquinarias.com.ar / FB e IG: fragaimplementosagricolas
FRANCO FABRIL SA,"Fabricante, agropartes, cabezales",Lote Aire Libre - 1452,"francofabrilsa.com.ar / FB, X e IG: francofabrilsa"
FRANKLIN / ROTOR PUMP,"Bombas, riego, grupos electrógenos",Lote Aire Libre - 875,"rotorpump.com / FB, X e IG: rotorpump"
FUNDACIÓN ARGENINTA,"Administración de proyectos, internacional",Centro Agropampero,argeninta.org.ar / X e IG: argeninta
FUNDACIÓN BARBECHANDO,"Asociaciones, asesoría",Centro Agropampero,"barbechando.org / FB, X e IG: barbechando"
FUNDACION MAIZTEGUI,Salud,Lote Aire Libre - 1442,fundacionmaiztegui.com.ar / FB e IG: fundacionmaiztegui
GALAMB AGRO,Sistemas de riego agrícola,Lote Aire Libre - 1069,galamb.com.ar / FB e IG: galambagro
GAUSS LANDTECHNIK S.A,"Maquinaria, tractores, repuestos",Lote Aire Libre - 1230,gauss-landtechnik.com.ar / IG: gausslandtechnik
GEMA ARGENTINA,"Máquinas viales, agroindustria, eq. ganadero",Lote Aire Libre - 225,gemaargentina.com / FB e IG: gema.argentina
GENARO L. FERNANDEZ,"Consultoría, servicios financieros",Carpa 1 - F06,glfcpa.com / IG: glf_cpa
GENETICA GLOBAL SA,"Ganadería, consultoría, biotecnología",Sector Ganadería - 1936,geneticaglobal.com.ar / FB e IG: geneticaglobal
GENOVESE MÁQUINAS,"Fabricante, repuestos, implementos",Lote Aire Libre - 1050,metalurgicagenovese.com / FB e IG: metalurgicagenovese / X: metgenovese
GEOAGRIS,"Telemetría, maquinaria, ag. precisión",Espacio AgTech - AG09/10,"geoagris.com / FB, X e IG: geoagris"
GERONZI,"Agroindustria, sembradoras, ag. precisión",Lote Aire Libre - 1340,geronzi.com.ar / FB e IG: geronzi.siembra
GIMETAL S.R.L.,"Tolvas, henificación, sembradoras",Lote Aire Libre - 428,gimetal.com.ar / FB e IG: gimetal_srl
GIORGI S.A.,"Fabricante, sembradoras, implementos",Lote Aire Libre - 760,giorgi.com.ar / FB e IG: giorgi.maquinas.agricolas / X: GiorgiSA2
GLOBAL EXTENT S.R.L,"Máquinas agrícolas, renovables",Lote Aire Libre - 967,"gx.com.ar / FB, X e IG: globalextent"
GLOTÓN CHICKEN TRUCK,Gastronomía,Gastronomía,IG: chickentruck2019
GOBIERNO ENTRE RIOS,"Artículos rurales, asociaciones",VIP Lounge,"entrerios.gov.ar / FB, X e IG: gobiernoER"
GOBIERNO CIUDAD BA,"Asociaciones, entidades e instituciones",Lote Aire Libre - 582,buenosaires.gob.ar / X e IG: desarrolloeconomicoba
GOBIERNO DE CORDOBA,Institución,Lote Aire Libre - 215,"cba.gov.ar / FB, X e IG: gobdecordoba"
GOBIERNO DE SALTA,"Asociaciones, entidades e instituciones",Lote Aire Libre - 221,salta.gov.ar / FB e IG: mproduccionymineriasalta / X: MdeProduccion
GOBIERNO SGO. ESTERO,"Asociaciones, comercio exterior",Lote Aire Libre - 1240,casadesantiago.gob.ar / FB: Procom01 / X: RRILYCOMEX
GOMERIA ALTAMIRANO,Neumáticos,Lote Aire Libre - 1504,gomeriasaltamirano.com.ar / FB e IG: gomeria.altamirano
GRANARIA SA,"Semillas, alimentos",Carpa 1 - A02,granaria.com.ar / FB e IG: granaria_sa
GRASS CUTTER,"Desmalezadoras, fertilizadoras, niveladoras",Lote Aire Libre - 1464,grasscutter.com.ar / FB: GrassCutter / IG: grasscutterargentina
GROSSPAL VIALCAM S.A,Fabricante maquinaria agrícola y viales,Lote Aire Libre - 1315,"grosspal.com / FB, X e IG: grosspaloficial"
GRÚAS SAN BLAS,Venta/alquiler maquinaria y grúas,Lote Aire Libre - 1432,gsb.com.ar / FB: Grúas San Blas / IG: gruassanblas
GRUPO ALEMOR S.R.L,"Agroindustria, pulverizadoras, consultoría",Lote Aire Libre - E38,grupoalemor.com / FB e IG: grupoalemor
GRUPO ANTELO,Automotrices,Lote Aire Libre - P94,grupoantelo.com.ar / FB e IG: grupoantelo
GRUPO CENCERRO,Asesoramiento y consultoría,Carpa 1 - G04,"grupocencerro.com / FB, X e IG: grupocencerro"
GRUPO KELSOFT,Tecnología,Espacio AgTech - AG30,grupokelsoft.com / IG: grupo_kelsoft
GRUPO PREMIERE,Construcción,Carpa 2 - 012,grupopremiere.com.ar / FB e IG: grupo_premiere
GUIA MANT. INDUSTRIAL,"Editorial, marketing digital",Carpa 2 - T04,gidemasrl.com / FB: gidemasrl / IG: Guiademantenimiento
HENAN BROAD TOP,"Acc. sembradoras, eq. industrial",Carpa 1 - G06,topmetalwork.com
HIDRAULICA PIRLES,"Hidráulico, fabricante, repuestos",Lote Aire Libre - 1427,hidraulicapirles.com.ar / FB e IG: hidraulicapirles
HONDA MOTOR ARG.,"Productos fuerza, motos, marina, autos",Lote Aire Libre - 1041,honda.com.ar / FB e IG: hondapfargentina
HOTEL COLONIAL S.N.,Hotelería,San Nicolás,hotelcolonialsannicolas.com / FB e IG: hotelcolonial_sannicolas
HUNTER INNOVATION,Energías renovables (heladeras 12V),Lote Aire Libre - E37,heladeras-12volts.com.ar / IG: heladeras_12volts
IAN SA,"Fabricante implementos, soldadura",Lote Aire Libre - 1553,ianmeturgica.com.ar / FB e IG: ian_metalurgica
ICBC ARGENTINA,"Bancos y servicios financieros, COMEX",Lote Aire Libre - 670,"pymes.icbc.com.ar / FB, X e IG: icbc.argentina"
IFC TECNO,"Ag. precisión, pulverización, Ag-Tech",Carpa 2 - 514,ifctecno.com.ar / FB e IG: ifctecno
IGRIEGA,Productos y máquinas viales,Carpa 1 - A01,igriega.com.ar / FB e IG: erectionconstruccion
IMPLEMENTOS KENTUCKY,Implementos agrícolas,Lote Aire Libre - 1552 B,IG: kentucky_implementos
IMPORTRADE SA,"Tractores, palas, viales",Lote Aire Libre - 1701,importrade.com.ar / FB e IG: importrade_sa
IND. JUAN F. SECCO S.A.,"Venta/alquiler maquinaria, motores, siderurgia",1423B / Carpa 1-J05,secco.com.ar / IG: secco.equipos
INDECAR MAQUINARIAS,Máquinas agrícolas,Lote Aire Libre - 540,indecar-agro.com.ar / FB e IG: indecarmaquinarias
ROSSMET SRL,"Repuestos, fabricante maquinaria, cabezales",Lote Aire Libre - 1231,rossmet.com.ar / FB e IG: rossmet srl
INDUSTRIAS COMOFRA,"Tolvas, mixers, embolsadora",Lote Aire Libre - 121,"comofrasrl.com.ar / FB, X e IG: comofrasrl"
INDUSTRIAS ERCA S.A.,"Máquinas agrícolas, sembradoras, rastras",Lote Aire Libre - 740,erca.com.ar / FB e IG: industrias.erca
JOHN DEERE ARGENTINA,"Máquinas agrícolas, ag. precisión",Lotes 130 a 160,"johndeere.com.ar / FB, X e IG: johndeereargentina"
INDUSTRIAS MONTECOR,"Máquinas agrícolas, ganadería, tolvas",Lote Aire Libre - 1120,"industriasmontecor.com.ar / FB, X e IG: indmontecar"
INDUSTRIAS PESCE S.A.,"Fabricante, implementos, rastras",Lote Aire Libre - 1261,industriaspesce.com.ar / FB e IG: Industriaspesce
INDUSTRIAS TANGO,"Fabricante, implementos agrícolas",Sector Ganadería - 1927,industriastango.com.ar / IG: industriastango
ING. ALEJANDRO PANNUNZIO,"Riego, asesoramiento y consultoría",Carpa 1 - C02,ingenieria-en-riego.com / X e IG: alepannunzio
INGERSOLL ARGENTINA,"Agropartes, repuestos, exportaciones",Carpa 1 - C08,ingersollarg.com.ar / X e IG: ingersollarg
INSTRUMENTAL PASTEUR,"Lab. agroindustrial, software pesaje",Carpa 2 - 006,instrumentalpasteur.com.ar / FB e IG: instrumentalpasteur
INVERSION B 5.A.,"Implementos agrícolas, fabricante maquinaria",Lote Aire Libre - M09,planbmaquinarias.ar / FB: Bettiga.Enrique / IG: bunker_agro
IPCVA,"Asociaciones, ganadería, institución",Sector Ganadería - 1912,"ipcva.com.ar / FB, X e IG: ipcva"
IPERNET,"Energía solar, video vigilancia IP",Sector Ganadería - 1940,ipernet.com.ar / IG: grupoipernet
IPESASILO,"Silobolsas, industria, agroindustria, insumos",Lote Aire Libre - 800,"ipesasilo.com.ar / FB, X e IG: ipesasiloarg"
IRRINOR SISTEMAS RIEGO,"Riego, tubos y accesorios",Plaza Seca - AG35,irrinor.com.ar / IG: irrinor
IVECO ARGENTINA SA,"Camiones, automotrices",Lote Aire Libre - 1450,"iveco.com.ar / FB, X e IG: IvecoArgentina"
JACTO ARGENTINA,Fabricante de maquinaria agrícola,Lote Aire Libre - 400,"jacto.com / FB, X e IG: jactoargentina"
JAUREGUI LORDA-HACIENDA,Ganadería,Sector Ganadería - 1933,jaureguilorda.com.ar / IG: jauregui_lorda
JORNADEROSAGRO,"Asociaciones, educación, administración",Carpa Agropampero,jornaderos.com / FB e IG: jornaderosagro
VÍCTOR JURI,"Sembradoras, fertilizadoras, fabricante",Lote Aire Libre - 310,"victorjuri.com.ar / FB, X e IG: ind_victorjuri"
KAESER COMPRESORES,"Herramientas, maquinaria, alquiler",Lote Aire Libre - 1424 B,kaeser.com.ar / IG: kaeserargentina
KAFÚ METALURGICA SRL,Implementos agrícolas y forestales,Lote Aire Libre - E22,FB e IG: metalurgicakafu
KRASTER ARGENTINA,"Eq. ganadero, galpones, instalaciones",Sector Ganadería - 1935,kraster.com.ar / FB e IG: krasterargentina
KUBOTA,"Tractores, implementos, forrajes",Lote Aire Libre - 821,kubota.com.ar / FB e IG: kubotaargentina
LUIS ANGEL LANCIONI SRL,"Máquinas agrícolas, fertilizadoras, forrajes, tractores",Lote Aire Libre - 1330,luisangellancioni.com.ar / FB: Luis Angel Lancioni SRL / IG: lancionisrl
LA PIPIOLA SELLADORAS,"Herramientas, silobolsa",Carpa 1 - F04,lapipiola.com.ar / selladorasilobolsa.com.ar
LA RED RURAL,Medios de comunicación,Lote Aire Libre - M17,pampanuestra.com.ar
LDC-LOUIS DREYFUS,"Exportaciones, insumos",Plot - N65,ldc.com/ar/es / FB e IG: mundomacroldc / X: WeAreLDC
LEAF AGROTRONICS,"Agricultura de precisión, tecnología",Lote Aire Libre - 420,leafagrotronics.com / FB e IG: leaf.agrotronics
LINDSAY IRRI-AR S.A.,Equipos y sistemas de riego,Lote Aire Libre - 1149,irri-ar.com.ar / IG: irri.ar
LONERA TASZTEX,"Eq. ganadero, comederos, tanques",Sector Ganadería - 1822,tasztex.com / FB: lonera tasztex / X: Tasztex / IG: lonerafasztex
LOPEZ GROUP,"Repuestos, embragues, consultoría, filtros",Carpa 2 - T10,lopezfrenos.com / FB e IG: lopezfrenosyembragues
LS ELECTROMECANICA S.A.,"Fabricante, tecnología, granos",Carpa 1 - G10,ls-arg.com / FB e IG: Is_electromecanica_sa
LSEG,Servicios,Espacio AgTech - AG34,No especificada
LUBRIFILM,"Filtros y lubricantes, agroindustria, tanques",Lote Aire Libre - E16,lubrifilmgroup.com / FB e IG: lubrifilmgroup
LUCAS MONTI,"Gastronomía, alimentos, bebidas",Gastronomía,"FB, X e IG: riminicaffebar"
LÜSQTOFF,"Herramientas, construcción, máquinas agrícolas",Lote Aire Libre - E23,lusqtoff.com.ar / FB e IG: lusqtoff
M2 DESARROLLOS INMOB.,Construcción,Lote Aire Libre - 1460,m2desarrollos.com.ar / FB e IG: m2_desarrollos
MACHVISION,"Tecnología, ag. precisión",Espacio AgTech - AG33,machvision.com.ar / FB e IG: Machvision
MAGRIBA,"Asociaciones, fab. maquinaria, agropartes",Centro Agropampero,magriba.com.ar / FB e IG: Magriba
MAINERO,"Máquinas agrícolas, mixers, cabezales, henificación",Lote Aire Libre - 1020,mainero.com / FB e IG: maineromaquinariaagricola
MAIZAR,"Asociaciones, entidades e instituciones",Entidad,"maizar.org.ar / FB, X e IG: maizararg"
MAIZCO S.A.I. Y C.,"Implementos, máquinas, cabezales",Lote Aire Libre - 1141,maizco.com.ar / FB e IG: maizco_oficial
MANN-FILTER ARGENTINA,Filtros maquinaria agrícola y motores,Lote Aire Libre - 968,mann-filter.com/ar-es / FB e IG: mannfilter_conosur
MÁQUINAS AGRÍCOLAS OMBU,"Tolvas, cabezales, pulverizadoras, remolques",Lote Aire Libre - 530,maquinasombu.com.ar / FB e IG: maquinasombu
MARCELINI,"Acoplados transporte maquinaria, remolques",Lote Aire Libre - 1060,marcelini.com.ar / FB e IG: industriasmarcelini
MARINELLI TECHNOLOGY,"Tecnología, drones, electrónica, Ag-Tech",Lote Aire Libre - 963,"marinellitechnology.com.ar / FB, X e IG: Marinellitech"
MARTÍN ERRAZQUIN,"Máquinas agrícolas, granos",Lote Aire Libre - 962,IG: errazquinartin
MARTINEZ Y STANECK S.A.,"Máquinas agrícolas, mixers, embolsadora",Lote Aire Libre - 1363,martinezystaneck.com.ar / FB e IG: martinezystaneck
MASSEY FERGUSON,"Máquinas agrícolas, maquinaria",Lote Aire Libre - 1214,masseyferguson.com.ar / FB e IG: masseyfergusonhispano / X: MF_Argentina
**MAXUS,KAIYI,AUSTONE**,"Automotrices, neumáticos"
MC PINTURAS,Pintura en la agroindustria,"Loma Verde, Escobar",mcpinturas.com.ar
MECANO GANADERO S.A.,"Industria, construcción, inst. ganaderas",Lote Aire Libre - 1250,"mecanoganadero.com.ar / FB, X e IG: mecanoganadero"
MEGA,"Secadoras de grano, renovables",Lote Aire Libre - 308,ingenieriamega.com / IG: ingenieriamega
MERCEDES-BENZ CAMIONES,Automotrices,Lote Aire Libre - 900,mercedes-benz-trucks.com.ar / FB e IG: mercedesbenzcamionesybuses_arg
MERCOBRAS S.A.,"Ag. precisión, meteorología, riego",Carpa 2 - 005,mercobras.com.ar
METALFOR,"Fabricante de maquinaria, pulverizadoras, cosechadoras",Lotes 630-640,"metalfor.com / FB, X e IG: metalforsa"
METALPAZ,Fabricación implementos agrícolas,Lote Aire Libre - 1251,metalpaz.com.ar / FB e IG: Metalpaz
METALURGICA CELE S.A.,"Sembradoras, rastras",Lote Aire Libre - 1343,celesa.com.ar / FB e IG: metalúrgica CELE S.A.
METALURGICA CINALLI,Implementos agrícolas,Lote Aire Libre - 1440,metcinalli.com.ar / FB e IG: metcinalli
METALURGICA DE 9 SRL,"Casillas, módulos, fabricante, alquiler",Lote Aire Libre - 222,mde9.com.ar / FB e IG: metalurgicade9srl
METALURGICA LF,"Fabricación implementos, soluciones agrícolas",Lote Aire Libre - 1425,metalurgicalf.com.ar / FB e IG: metalurgicalf
METRAIMPORT,Servicios,Carpa 2 - K10,No especificada
METZER ARGENTINA,Sistemas de riego agrícola,Lote Aire Libre - 461,"metzer.com.ar / FB, X e IG: Metzer Argentina"
MICHELIN,Neumáticos,Lote Aire Libre - P100,michelin.com.ar / FB e IG: Michelin Argentina
MICROELECT TECNOLOGIA,"Ag. precisión, monitoreo siembra",Carpa 1 - A07,microelect.com.ar / FB e IG: microelectoficial
MIGNANI SRL,"Rodamientos, lubricación, repuestos sembradoras",Carpa 1 - G02,"mignanisrl.com.ar / FB, X e IG: mignanisrl"
MIN. DESARROLLO AGR. PBA,"Asociaciones, entidades e instituciones",Lote Aire Libre - 210,"gba.gob.ar/desarrollo_agrario / FB, X e IG: agrariopba"
MIN. DES. PROD. SANTA FE,"Asociaciones, entidades e instituciones",Lote Aire Libre - P50,"santafe.gov.ar/produccion / FB, X e IG: desarrolloproductivosf"
MKL AGRO,"Tecnología, ag. precisión",Espacio AgTech - AG27,mklagro.com / IG: mklagro
MLS SEMBRADORAS,Sembradoras,Lote Aire Libre - 1420,mlssembradoras.com / FB e X: MLS Sembradoras
MOD. ARQ. MODULAR,"Módulos habitacionales, construcción, oficinas",Lote Aire Libre - 961,maduloscac.com / FB e IG: modarquitecturamodular
MONTANARI,Automotrices,Carpa 1 - D06,montanari.com.ar
MONTENEGRO S.A.,"Fab. maquinaria, tolvas, rastras, riego",Lote Aire Libre - 830,montenegroargentina.com / FB e IG: Montenegro Argentina
MONUMENTAL,"Sembradoras, máquinas agrícolas",Lote Aire Libre - P80,sembradorasmonumental.com / FB e IG: Sembradoras Monumental
MORO HIDRAULICA SRL,"Hidráulico, fab. componentes oleohidráulicos",Lote Aire Libre - 1367,morohidraulica.com.ar / FB e IG: morohidraulica
MOTORPART SRL,"Venta viales, tractores, repuestos",Lote Aire Libre - 1561,motorpart.com.ar / FB e IG: motorpart.vial
MOZZONI SRL,"Mixers, eq. ganadero, agroindustria",Lote Aire Libre - 1129,mozzoniweb.com.ar / FB e IG: mozzonifabrica
MUG4X4,Importaciones,Lote Aire Libre - 1466,mug4x4.com / FB e IG: mug4x4
MUNI. ESTEBAN ECHEVERRÍA,"Institución, medios de comunicación",Carpa 1 - B01,"estebanecheverria.gob.ar / FB, X e IG: municipioee"
MUNICIPALIDAD DE JUNIN,"Institución, turismo, servicios",Carpa 2 - 510,junin.tur.ar / FB e IG: Junín Turismo / X: Turismo Junin
MUNICIPALIDAD SAN NICOLÁS,"Institución, turismo, gastronomía, industria",Lote Aire Libre - 470,sannicolasciudad.gob.ar / FB e IG: SNciudad
MYNGROUP,"Productos y máquinas viales, repuestos",Lote Aire Libre - 1541,myngroup.com.ar / FB e IG: Myn.group
NALA CATERING,"Servicios catering, gastronomía, alimentos",Gastronomía,FB: Nala Catering / IG: cateringnala
NCH,Lubricación,Carpa 1 - H05,la.nch.com / IG: NCH Argentina / FB: NCHLatinoamerica
NEGOCIOS DE HACIENDA S.A.,Ganadería,Sector Ganadería,negociosdehacienda.com.ar / IG: negocios.de.hacienda
NERA,"Fintech, financiación, servicios financieros",Lote Aire Libre - 668,"nera-agro.com / FB, X e IG: nera.agro"
NETAFIM ARGENTINA SA,"Sistemas de riego, ag. precisión",Lote Aire Libre - 1332,"netafim.com / FB, X e IG: netafimargentina"
NEUMÁTICOS CORRAL,Neumáticos,Lote Aire Libre - 1422,neumaticoscorral.com.ar / FB: Neumaticos Corral / IG: neumaticoscorral
NEURALSOFT,Software de gestión,Carpa 2 - O 02,neuralsoft.com / IG: neuralsoft_erp
NEW HOLLAND ARGENTINA,"Máquinas agrícolas, tractores, cosechadoras",Lote Aire Libre - P30,"newholland.com / FB, X e IG: newhollandarg"
NIDERA SEMILLAS,Semillas,Plot - 250,"niderasemillas.com.ar / FB, X e IG: Niderasemillas"
NK SEMILLAS,Semillas,Plot - 230,"nksemillas.com.ar / FB, X e IG: nksemillas"
NORDHEIMER,"Inmobiliaria, asesoramiento y consultoría",Lote Aire Libre - E35,nordheimer.com / FB e IG: nordheimercamposyestancias
NORTENE PLASTICOS LTDA,"Silobolsa, geomembranas",Carpa 2 - S04,nortene.com.br / IG: nortenebrasil_oficial
NUMACO S.A.,"Artículos rurales, fabricante",Lote Aire Libre - 1428,numaco.com.ar / IG: numaco
O.H. GARCIA Y CÍA.,"Accesorios pulverizadoras, repuestos",Carpa 2 - S01,ohgarcia.com.ar / FB e IG: ohgarciaycia
OFFICE AMOBLAMIENTOS,"Muebles, oficinas móviles, construcción",Carpa 2 - M12,officeamoblamientos.com / FB e IG: officeamoblam
OMAR MARTIN,"Palas hidráulicas, retroexcavadoras",Lote Aire Libre - 1249,omarmartin.com.ar / FB e IG: omarmartinempresa
OMBU INDUMENTARIA,Indumentaria y calzado industrial,Lote Aire Libre - P40,ombuindumentaria.com.ar / FB e IG: ombuindumentaria
ORLANDI RURALES,Instalaciones ganaderas,Lote Aire Libre - 1610,orlandirurales.com / FB e IG: Orlandi Rurales SA
OSVALDO R. VARELA E HIJOS,"Inst. ganaderas, agroind., artículos rurales",Lote Aire Libre - 1461,varelarurales.com.ar / IG: varela_rurales
OVER MEDICINA VET.,Laboratorio veterinario,Ganadería - 1931,over.com.ar / FB e IG: over.med.vet
OXI MERCEDES S.A,"Herramientas, construcción, eq. industrial",Carpa 1 - H08,oximercedes.com.ar / FB e IG: oximercedes
PAIRGEARS LTD,"Engranajes, transmisiones, rodamientos",Carpa 2 - M13,pairgears.com / FB: PairGears LTD
PALOU,Extracción de granos en silos,Lote Aire Libre - 328,palou.com.ar / FB e IG: palou_oficial
PAMPERO,Indumentaria industrial y de protección,Centro Agropampero,pampero.com.ar / FB: pampero / IG: pamperousointensivo
PAMPERO IMPLEMENTOS,"Máquinas agrícolas, importaciones",Lote Aire Libre - 1252,mpampero.com.ar / IG: pampero.sa
PATAGON PERGAMINO,Gastronomía,Gastronomía,FB e IG: Patagon Pergamino
PATAGONIA CAMPERS,"Motorhome, casillas, vehículos",Lote Aire Libre - 1418,patagoniacampers.com / FB e IG: patagoniacampers / X: infocampers
PAUNY S.A.,"Tractores, fabricante",Lote Aire Libre - 510,pauny.com.ar / FB: pauny s.a. oficial / X e IG: PAUNY SA
PEDRO NOEL IREY SRL,Ganadería,Sector Ganadería - 1938,irey.com.ar / FB e IG: Pedro Noel Irey Srl
PENSAGRO,"Ganadería, alambrados, agroindustria",Sector Ganadería - 1942,pensagro.com / IG: pens_agro
PERSONAL TECH,"Tecnología, telecomunicaciones",Coworking 1 - 2,personal.com.ar/tech
PERTEN INSTRUMENTS,"Soluciones agrícolas, ag. precisión, tecnología",Carpa 1 - A09,"perkinelmer.com.ar / FB, X e IG: perkinelmer"
PHYSIS INFÓRMATICA,Software agropecuario,Carpa 1 - B10,physis.com.ar / FB e IG: physisinformatica
PIEROBON S.A.,"Sembradoras, embolsadora",Lote Aire Libre - 1044,pierobon.com.ar / FB e IG: pierobonsa / X: pierobonsa
PIERSANTI,"Cabezales, máquinas, cosechadoras",Lote Aire Libre - 1030,piersanti.com.ar / FB e IG: piersantiplataformas / X: PiersantiWeb
PLANTIUM,"Ag. precisión, tecnología, máquinas",Lote Aire Libre - 940,"plantium.com / FB, X e IG: plantiumag"
PLASTAR SAN LUIS S.A.,"Silobolsa, películas plásticas",Lote Aire Libre - 463,silobolsa.com / FB e IG: Silobolsa Plastar
PLASTICOS BONAVENTURA,"Plásticos para el agro, fabricante",Carpa 1 - A06,plasticosb.com.ar / FB e IG: plasticosbonaventura
PLATAFORMA CHACRA,"Medios de comunicación, servicios info",Lote Aire Libre - 1062,"revistachacra.com.ar / FB, X e IG: revistachacra"
PRADECON,"Industria, siderurgia",Lote Aire Libre - 1121,"pradecon.com.ar / FB, X e IG: PRADECONsa"
PRIORE AGROPARTES SRL,"Repuestos sembradoras, ag. precisión",Carpa 1 - I02,prioreagropartes.com.ar / FB e IG: prioreagropartes
PSA,Tratamiento de agua,Lote Aire Libre - 964,psa.com.ar / IG: psavida
PTX,"Ag. precisión, componentes pulverización",Lote Aire Libre - N01,"precisionplanting.com.ar / FB, X e IG: precisionplantingarg"
PUERTO SAN NICOLAS,"Infraestructura portuaria, logística, transporte",Lote Aire Libre - N75,puertosannicolas.com / FB e IG: puertosn
PUNA BIO,Biotecnología,Lote Aire Libre - 581,No especificada
QALA DESARROLLOS,"Construcción, inmobiliaria, viviendas",Coworking CW4,qaladesarrollos.com.ar / FB e IG: qaladesarrollos
QTS SRL,"Tecnología, software agro, monitoreo",Carpa 1 - G07,qtsagro.net / FB: qtssrl.argentina
RADIO DOS ROSARIO,Comunicaciones,Lote Aire Libre - M10,"rosario3.com / FB, X e IG: Radio2 Rosario"
RADIO MITRE,Medios de comunicación,Lote Aire Libre – M18,"ar.cienradios.com / FB, X e IG: radiomitre"
RADIO RIVADAVIA,"Medios de comunicación, prensa",Lote Aire Libre - M15,"rivadavia.com.ar / FB, X e IG: rivadavia630"
RAMAX AGRICULTURA,"Pulverizadoras, fertilización líquida",Lote Aire Libre - E14,ramax.com.ar / FB e IG: Ramax Agricultura
RC ONLINE - DJI AGRICULTURE,"Ag. precisión drones, capacitación",Sector Ganadería - 1916,djistore.com.ar / FB e IG: dji agriculture argentina
RECURSOS ORGÁNICOS,"Desmalezadoras, viales, soluciones",Lote Aire Libre - E21,recursos-organicos.com / FB e IG: recursos.organicos
REGGI Y CIA. S.R.L.,"Subastas, inmobiliaria, COMEX",Sector Ganadería,reggiycia.com / FB e IG: reggiyciasrl
REINKE IRRIGATION,Sistemas y equipos de riego,Lote Aire Libre - 1500,"reinke.com / FB, X e IG: reinkelatam"
RH WELDING MACHINES,Soldadura y corte,Carpa 2 - K02,ryhsa.com.ar / IG: rh_weldingmachines
RICHIGER MAQUINARIAS,"Fabricante maquinaria, implementos",Lote Aire Libre - 110,richiger.com.ar / FB e IG: richigermaquinarias
RIO URUGUAY SEGUROS (RUS),Aseguradoras,Lote Aire Libre - 120,riouruguay.com.ar / FB e IG: rusagroseguros
ROBINSON LOGISTICS,Logística,Carpa 2 - N02,robinsonlogistics.com.ar / IG: Robinson.logistics
ROLAND H/MAQUINON S.A,"Fabricante maquinaria, tractores",Lote Aire Libre - 369,rolandh.com / FB e IG: rolandhoficial
ROSGAN,"Asociaciones, ganadería",Sector Ganadería,"rosgan.com.ar / FB, X e IG: rosgan_bcr"
ROTOR TANQUES,"Tanques, remolques, riego, comederos",Lote Aire Libre - 870,rotortanques.com / FB e IG: rotortanques
RUIAN JIARUN NEW MATERIAL,"Plásticos para el agro, agroindustria",Carpa 1 - E04,chinanetwrap.com / FB: balernetwrap
RUNCO S.A.,"Ag. precisión, drones, tecnología",Lote Aire Libre - 329,agro.runco.com.ar / FB e IG: runcosa
SAENZ VALIENTE BULLRICH,Ganadería,Sector Ganadería - 1939,saenz-valiente.com / FB e IG: saenzvalientebullrich
SAFE MOTION,"Vehículos eléctricos, transporte",Lote Aire Libre - 880,safemotion.com.ar / FB e IG: safemotion
SCANIA ARGENTINA,"Automotrices, transporte, camiones",Lote Aire Libre - P20,"scania.com.ar / FB, X e IG: scaniaargentina"
SD DIRECCIONES,"Retenes, bombas, agropartes",Carpa 2 - N06,sddirecciones.com.ar / IG: sddirecciones
SEAN METAL SRL,"Inst. ganaderas, comederos, implementos",Lote Aire Libre - 1163,seanmetalsrl.com / FB e IG: seanmetalsrl
SEC. AGRICULTURA / PESCA,"Asociaciones, entidades e instituciones",Lote Aire Libre - P110,"argentina.gob.ar/agricultura / FB, X e IG: agriculturaar"
SEG INTERNATIONAL,"Importaciones, tecnología, seguridad",Carpa 2 - O07,seg.com.ar / FB e IG: SEG International
SENTIDOS,"Gastronomía, alimentos",Gastronomía,IG: sentidos.truck
SERQUIM SA,"Fertilizantes, agroquímicos, fabricante",Sector Ganadería - 1814,serquim.com.ar / FB e IG: serquim.ar
SERV. METEOROLÓGICO NAC.,"Meteorología, información",Centro Agropampero,"smn.gob.ar / FB, X e IG: smn_argentina"
SHACMAN,"Camiones, repuestos, importaciones",Lote Aire Libre - 1505,shacman.com.ar / FB e IG: shacman.arg
SHELL ARGENTINA,Petroleras,Lote Aire Libre - 1040,shell.com.ar / FB e IG: shell_argentina
SIDERSA,"Aceros, industria, siderurgia",Lote Aire Libre - M17,sidersa.com / X e IG: sidersa
SIEMBRA NEUMATICA SRL,"Sembradoras, ag. precisión, repuestos",Lote Aire Libre - 820,siembraneumaticasrl.com.ar / FB e IG: siembraneumatica.arg
SILOS FEYFE,"Silos y accesorios, comederos",Lote Aire Libre - 302,feyfe.com.ar / FB e IG: feyfe2020
SILOS MARISA,"Silos, mecanización, agroindustria",Sector Ganadería - 1810,marisa.com.ar / FB e IG: marisa.silos
SIMA,"Software agropecuario, tecnología",Espacio AgTech – AG05,"sima.ag / FB, X e IG: simaagtech"
SOUTHERN SEEDS PRODUCTION,"Agroindustria, semillas, granos",Carpa 1 - B09,sspseeds.com / IG: SSP_Food
SPRAYTEC,Desarrollo de fertilizantes,Plot - 340,spraytecargentina.com / FB e IG: Spraytecarg
SPRAYTEC S.R.L,Componentes de pulverización,Lote 965 / Carpa 1 - D02,spraytec.com.ar / FB e IG: spraytec_pulverizacion
STARA ARGENTINA S.A,"Fabricante, pulverizadoras, fertilizadoras",Lote Aire Libre - 1150,stara.com.ar / FB e IG: StaraArgentina
**STARLINK,INNOVA**,"Tecnología, telecomunicaciones",Coworking 4
STIHL MOTOIMPLEMENTOS,"Motosierras, mochilas pulverizadoras",Lote Aire Libre - 850,"stihl.com.ar / FB, X e IG: stihl_ar"
STINE SEMILLAS,Semillas,Plot - 450,"stinesemillas.com.ar / FB, X e IG: stinesemillas"
STRONG BLINDADOS,Automotrices,Lote Aire Libre - E34,strongblindados.com / FB e IG: strongblindados
SUMMIT AGRO ARGENTINA,"Agroquímicos, drones",Lote Aire Libre – P16,"summit-agro.com/ar/es / FB, X e IG: summitagroar"
SUPER WALTER,"Sembradoras, implementos, ag. precisión",Lote Aire Libre - 700,superwalter.com.ar / FB e IG: superwaltersembradoras
SUPRA SEMILLAS,"Semillas, insumos",Plot - 350,"suprasemillas.com.ar / FB, X e IG: suprasemillas"
**SV,SERVICIOS VIALES**,"Filtros, maquinaria, herramientas",Carpa 1 - F08
SYL IMPLEMENTOS,"Acoplados tolvas, fabricante",Lote Aire Libre - 1036A,FB e IG: Syl herramientas para campo
SYLWAN S.A.,"Bombas, equipos de riego, cabezales",Lote Aire Libre - 1501,sylwan.com.ar
SYRA,"Fertilizadoras, abonadoras, forrajes",Lote Aire Libre - 1131,syra.com.ar / FB e IG: syra s.a.
T-L / HMSA,"Sistemas riego, tanques, estaciones met.",Lote Aire Libre - 1255,"hmsa.com.ar / FB, X e IG: hmsariego"
TALABARTERÍA ARANDÚ,"Talabartería, artesanías, marroquinería",Ganadería - 1806,arandu.com.ar / FB e IG: arandu.talabarteria
TALIGENT,"Ag-Tech, software, servicios info",Espacio AgTech – AG31,taligent.com.ar / IG: taligent
TALLERES METAL. PRABA,"Pulverizadoras, accesorios",Lote Aire Libre - 1321,pulverizadorespraba.com / FB e IG: Pulverizadores praba
TANGOID SRL,"Tecnología, software, electrónica",Espacio AgTech - AG22,"tangoid.com.ar / FB, X e IG: tangoidarg"
TANZI,Sembradoras,Lote Aire Libre - 550,tanzi.com.ar / FB e IG: tanziagricultura
TAURO - SOLDADURA,"Soldadura, herramientas, eq. industrial",Carpa 1 - D10,tauro.com.ar / FB e IG: Soldadorastauro
TAURUS AGRICOLA,"Maquinas y herramientas, maquinaria vial",Lote Aire Libre - 1469,taurus.com.ar / IG: taurusagricola
TAURUS ENERGIA,"Renovables, solar, grupos electrógenos",Lote Aire Libre - 1463,taurusenergia.com / FB e IG: taurusenergiaok
TBEH - AGRO VIALES,"Movimiento tierra, desmalezadoras",Lote Aire Libre - 810,tbeh.com.ar / FB e IG: tbehoficial
TCL,"Energía solar, electrodomésticos",Lote Aire Libre - 1620,radiovictoria.com.ar/es / IG: tclargentina
TECNICOLON PLATAFORMAS,"Fab. plataformas, cabezales",Lote Aire Libre - 318,tecnicolon.com.ar / FB e IG: tecnicolon_plataformas
TECOMEC SRL,"Ag. precisión, bombas, pulverización",Carpa 1 - H02,tecomec.com / IG: agresagricultura
TEDESCHI,"Fab. maquinaria, sembradoras, forrajes",Lote Aire Libre - 1468,todotedeschi.com / FB e IG: tedeschimaquinarias
TEKRON,"Ag. precisión, drones, tecnología",Lote Aire Libre - 720,tekron.com.ar / FB: Tekron / IG: tekron_dji_droones
TERNIUM,"Siderurgia, industria, aceros",Lote Aire Libre - 570,ternium.com / FB: Ternium.ar / X e IG: terniumargentina
TERRANOVA - 360 YIELD,"Riego, ag. precisión, estercoleras",Lote Aire Libre - 1032,terranovatfc.com / IG: terranova_argentina
TESMA,"Termometría, humedad, Ag-Tech, granos",Carpa 2 - L02,tesma.com.ar / X e IG: tesma
THERRA,"Acoplados tolvas, tanques",Lote Aire Libre - 1421A,therra.com.ar / FB e IG: Therraargentina
TIM ARGENTINA,Fabricante de maquinaria agrícola,Lote Aire Libre - 220,timargentina.com / FB e IG: tim_argentina_
TITAN PNEUS DO BRASIL,Neumáticos,Lote Aire Libre - 1467,titanlat.com/site / IG: titanpneus
TMC AGRO,"Eq. ganadero, ganadería, herramientas",Lote Aire Libre - E39,tmcagro.com / FB e IG: tmcagro
TT GLOBAL,"Movimiento tierra, tecnología",Lote Aire Libre - 951,tt-global.net / FB e IG: doblettglobal
TURBODISEL S.A,"Tractores, viales, grupos, filtros",Lote Aire Libre - 1420B,turbodisel.net / FB e IG: turbodisel_sa
UDOR ARGENTINA SA,"Acc. pulverizadoras, bombas, agropartes",Carpa 1 - F02,udorargentina.com.ar / FB e IG: udor.argentina
UMC Y HACIENDAS,Ganadería,Sector Ganadería,umchv.ar / IG: umc_haciendasvillaguay
UNIVERSIDAD AUSTRAL,"Facultades, institucional",Espacio AgTech - AG06/07,"austral.edu.ar / FB, X e IG: australrosario"
UNIV. CATÓLICA (UCA),"Universidad, facultades, prensa",Espacio AgTech - AG12/13,"uca.edu.ar / FB, X e IG: univcatolicaargentina"
UNYPARTS,"Agropartes, repuestos, implementos",Carpa 2 - L13,unyparts.com.br
VALLEY IRRIGATION,"Equipos de riego, renovables, ag. precisión",Lote Aire Libre - 931,valleyirrigation.com / FB e IG: valley.latinoamerica
VALTRA,"Máquinas agrícolas, tractores, tecnología",Lote Aire Libre - 910,valtra.com.ar / FB e IG: valtrahispano / X: valtraargentina
VENERGY S.A.,"Renovables, módulos habitacionales",Lote Aire Libre - M08,venergy.com.ar
VESCONITE,"Bujes industriales, repuestos agrícolas",Carpa 1- E02,vesarg.com / FB e IG: Vesconite.Argentina
VILLA,"Motores, grupos, tractores, cortadoras",Lote Aire Libre - 1266,"villa.com.ar / FB, X e IG: villamotor"
VILLANUEVA DRONES,"Drones, servicios, tecnología",Lote Aire Libre - N30,villanuevadrones.com.ar / IG: villanueva.drones
VISA AGRO,Tarjeta de crédito,Centro Agropampero,visa.com.ar
VOGE ARGENTINA,Motos,Plaza Seca - AG36/37,vogeargentina.com.ar / FB e IG: vogeargentina
VOLKSWAGEN ARGENTINA,Automotrices,Lote Aire Libre - N35,"volkswagen.com.ar / FB, X e IG: vwargentina"
VOLVO TRUCKS & BUSES,Transporte de carga,Lote Aire Libre - 1320,volvotrucks.com.ar / FB e IG: volvotrucksar
VULCANO S.A.,"Remolques, acoplados, máquinas",Lote Aire Libre - P26,vulcano-remolques.com.ar / FB e IG: vulcanolasrosas
WALD S.A. / WATERDOG,Merchandising y beneficios,Lote Aire Libre - 874,waldsa.com / FB e IG: waterdog.oficial / X: _waterdog
WALTER ARGENTINA,"Herramientas, eq. industrial",Carpa 2 - T03,walterargentina.com / IG: walterabrasivos
WINCAMPO,"Software ganadero, consultoría",Carpa 1 - A04,wincampo.com / FB e IG: wincampo
XAG ATLAS,"Agricultura de precisión, drones",Lote Aire Libre - N70,xagatlas.com / FB e IG: xag.atlas
XINGTAI VOKIN RUBBER,Agropartes,Carpa 1 - I08,cnvokin.en.made-in-china.com
YOMEL,"Henificación, fertilizadoras, implementos",Lote Aire Libre - 920,yomel.com.ar / FB e IG: yomel_argentina / X: yomelargentina
YPF AGRO,"Insumos, servicios agropecuarios",Lote Aire Libre - N55,"ypfagro.com.ar / FB, X e IG: ypfagro"
ZMG ARGENTINA,Máquinas viales y agrícolas,Lote Aire Libre - 632,zmg-argentina.com.ar / FB e IG: zmg argentina
ZOWL LABS SRL,"IA en video e imagen, consultoría",Espacio AgTech – AG18,"zowllabs.com / FB, X e IG: zowl_labs"